geo_latitude,geo_longitude,date,president_name,village,region,total_low,total_high,size,total_deaths,location
,,,,,,,,,,
34.841988,71.49765,"Oct 30, 2006",Bush,"Chenagai, six miles north of Khar",Bajaur,80,82,81.1,80 to 82 deaths,"Chenagai, six miles north of Khar, Bajaur"
32.622604,69.852448,"Jun 23, 2009",Obama,Makeen,South Waziristan,40,80,60.1,40 to 80 deaths,"Makeen, South Waziristan"
32.98793,69.763184,"Mar 17, 2011",Obama,"Datta Khel, 15 miles west of Miram Shah",North Waziristan,45,45,45.1,45 deaths,"Datta Khel, 15 miles west of Miram Shah, North Waziristan"
32.52771,69.863434,"Jul 8, 2009",Obama,Karwan Manza,South Waziristan,17,40,28.6,17 to 40 deaths,"Karwan Manza, South Waziristan"
32.991386,70.291901,"Jun 19, 2007",Bush,"Mami Rogha, 26 miles west of Miram Shah",North Waziristan,20,34,27.1,20 to 34 deaths,"Mami Rogha, 26 miles west of Miram Shah, North Waziristan"
33.091541,70.274734,"Apr 22, 2011",Obama,"Spinwam village, Mir Ali",North Waziristan,23,29,26.1,23 to 29 deaths,"Spinwam village, Mir Ali, North Waziristan"
32.844982,69.56543,"Jan 16, 2007",Bush,"Salamat Keley, Zamazola",South Waziristan,20,30,25.1,20 to 30 deaths,"Salamat Keley, Zamazola, South Waziristan"
33.005211,70.272675,"May 16, 2009",Obama,"Khesoor, 18 miles east of Miram Shah",North Waziristan,10,40,25.1,10 to 40 deaths,"Khesoor, 18 miles east of Miram Shah, North Waziristan"
32.520184,69.868927,"Feb 14, 2009",Obama,"Near Narsikhel, Ladha",South Waziristan,16,30,23.1,16 to 30 deaths,"Near Narsikhel, Ladha, South Waziristan"
33.683212,70.290527,"Feb 16, 2009",Obama,"Sur Pul, near Parachinar",Kurram,15,31,23.1,15 to 31 deaths,"Sur Pul, near Parachinar, Kurram"
33.01442,70.085907,"Sep 8, 2008",Bush,"Danda Darpa Khel, outside Miram Shah",North Waziristan,20,25,22.6,20 to 25 deaths,"Danda Darpa Khel, outside Miram Shah, North Waziristan"
33.620338,70.750351,"Oct 11, 2012",Obama,Bulandkhel,Orakzai,16,26,21.1,16 to 26 deaths,"Bulandkhel, Orakzai"
32.285973,69.988403,"Jul 3, 2009",Obama,"Zamarai Nairai, near Kokat Khel, 28 miles east of Wana",South Waziristan,6,35,20.6,6 to 35 deaths,"Zamarai Nairai, near Kokat Khel, 28 miles east of Wana, South Waziristan"
32.346901,69.498138,"Jun 6, 2011",Obama,"Wana, South Waziristan",South Waziristan,18,23,20.6,18 to 23 deaths,"Wana, South Waziristan, South Waziristan"
33.002907,70.094147,"Aug 10, 2011",Obama,Miram Shah,North Waziristan,18,23,20.6,18 to 23 deaths,"Miram Shah, North Waziristan"
32.552601,69.609375,"Oct 26, 2008",Bush,Shakai region north of Wana,South Waziristan,20,20,20.1,20 deaths,"Shakai region north of Wana, South Waziristan"
34.818878,71.500397,"Oct 24, 2009",Obama,Damadola Bajaur,Khyber Pakhtunkhwa,15,24,19.6,15 to 24 deaths,"Damadola Bajaur, Khyber Pakhtunkhwa"
33.795128,70.768433,"Dec 17, 2010",Obama,"Sippah village, near Spin Drand in the Tirah Valley",Khyber,7,32,19.6,7 to 32 deaths,"Sippah village, near Spin Drand in the Tirah Valley, Khyber"
32.957977,70.379791,"Dec 27, 2010",Obama,"Shera Tala area, near Mir Ali",North Waziristan,18,21,19.6,18 to 21 deaths,"Shera Tala area, near Mir Ali, North Waziristan"
32.932625,69.623108,"Jun 8, 2011",Obama,Zawal Narai area of Shawal Tehsil,North Waziristan,15,23,19.1,15 to 23 deaths,"Zawal Narai area of Shawal Tehsil, North Waziristan"
33.106499,70.053635,"Nov 16, 2010",Obama,"Ghulam Khan, 20 km north of Miram Shah",North Waziristan,16,20,18.1,16 to 20 deaths,"Ghulam Khan, 20 km north of Miram Shah, North Waziristan"
33.808819,70.279541,"Mar 12, 2009",Obama,Barjo,Kurram,11,24,17.6,11 to 24 deaths,"Barjo, Kurram"
33.05949283,69.9176788,"Jul 16, 2014",Obama,Datta Khel,North Waziristan,15,20,17.6,15 to 20 deaths,"Datta Khel, North Waziristan"
32.45068,69.277039,"Jul 24, 2010",Obama,"Dwasarak village, 25 miles west of Wana, near Angoor Adda",South Waziristan,16,18,17.1,16 to 18 deaths,"Dwasarak village, 25 miles west of Wana, near Angoor Adda, South Waziristan"
32.3914,70.1126,"Nov 16, 2011",Obama,Babar Ghar,South Waziristan,12,22,17.1,12 to 22 deaths,"Babar Ghar, South Waziristan"
33.00538611,70.07612225,"Jul 2, 2013",Obama,Sarai Darpa Khel,North Waziristan,16,18,17.1,16 to 18 deaths,"Sarai Darpa Khel, North Waziristan"
33.003483,70.031662,"Aug 21, 2009",Obama,"Darpa Khel, outside Miram Shah",North Waziristan,12,21,16.6,12 to 21 deaths,"Darpa Khel, outside Miram Shah, North Waziristan"
32.989082,69.693146,"Dec 17, 2009",Obama,"Godaivalla, in Datta Khel",North Waziristan,15,18,16.6,15 to 18 deaths,"Godaivalla, in Datta Khel, North Waziristan"
32.997147,69.616241,"Mar 10, 2010",Obama,"Mizar Madakhel, 25-31 miles west of Miram Shah",North Waziristan,12,21,16.6,12 to 21 deaths,"Mizar Madakhel, 25-31 miles west of Miram Shah, North Waziristan"
32.708733,69.559937,"Jun 27, 2011",Obama,Mantoi,South Waziristan,12,21,16.6,12 to 21 deaths,"Mantoi, South Waziristan"
32.659031,70.150452,"Jan 17, 2010",Obama,"Nizba Village, Shaktoi region",South Waziristan,12,20,16.1,12 to 20 deaths,"Nizba Village, Shaktoi region, South Waziristan"
32.9052,69.7488,"Jul 11, 2011",Obama,"Gorwick, Datta Khel Town, 45 km west of Miram Shah",North Waziristan,7,25,16.1,7 to 25 deaths,"Gorwick, Datta Khel Town, 45 km west of Miram Shah, North Waziristan"
32.983898,69.75769,"Jan 6, 2010",Obama,Sanzali area of Datta Khel,North Waziristan,5,25,15.1,5 to 25 deaths,"Sanzali area of Datta Khel, North Waziristan"
33.018452,70.098953,"Sep 3, 2010",Obama,Machis Factory area on outskirts of Miram Shah,North Waziristan,5,25,15.1,5 to 25 deaths,"Machis Factory area on outskirts of Miram Shah, North Waziristan"
32.906975,69.758377,"Jul 6, 2012",Obama,Datta Khel village,North Waziristan,9,21,15.1,9 to 21 deaths,"Datta Khel village, North Waziristan"
34.809856,71.531296,"May 14, 2008",Bush,Damadola,Bajaur,13,16,14.6,13 to 16 deaths,"Damadola, Bajaur"
32.998299,69.723358,"Oct 3, 2008",Bush,"Mohammad Khel, near Datta Khel",North Waziristan,8,21,14.6,8 to 21 deaths,"Mohammad Khel, near Datta Khel, North Waziristan"
32.669147,70.156975,"Jan 14, 2010",Obama,Shaktoi village in the Pasalkot region,North Waziristan,11,18,14.6,11 to 18 deaths,"Shaktoi village in the Pasalkot region, North Waziristan"
32.479645,70.018616,"May 9, 2009",Obama,"Tabbi Langar Khel, near Sarorogha",South Waziristan,8,20,14.1,8 to 20 deaths,"Tabbi Langar Khel, near Sarorogha, South Waziristan"
32.623184,69.841461,"Jul 7, 2009",Obama,"Jangara, Makeen",South Waziristan,12,16,14.1,12 to 16 deaths,"Jangara, Makeen, South Waziristan"
32.995995,69.704819,"May 11, 2010",Obama,"Doga area, Datta Khel",North Waziristan,14,14,14.1,14 deaths,"Doga area, Datta Khel, North Waziristan"
32.316151,69.462433,"Mar 16, 2008",Bush,"Dhook Pir Bagh, near Wana",South Waziristan,7,20,13.6,7 to 20 deaths,"Dhook Pir Bagh, near Wana, South Waziristan"
32.751476,70.072174,"Nov 7, 2008",Bush,"Kumsham, 22 miles south of Miram Shah",North Waziristan,13,14,13.6,13 to 14 deaths,"Kumsham, 22 miles south of Miram Shah, North Waziristan"
32.981022,70.293274,"Jun 19, 2010",Obama,"Sokhel village, 16 miles east of Miram Shah",North Waziristan,11,16,13.6,11 to 16 deaths,"Sokhel village, 16 miles east of Miram Shah, North Waziristan"
33.028816,70.046082,"Aug 23, 2010",Obama,Danday Darpa Khel,North Waziristan,7,20,13.6,7 to 20 deaths,"Danday Darpa Khel, North Waziristan"
34.801682,71.472588,"Jan 6, 2006",Bush,Damadola,Bajaur,8,18,13.1,8 to 18 deaths,"Damadola, Bajaur"
33.672928,70.911255,"Apr 1, 2009",Obama,Khadezai,Orakzai,12,14,13.1,12 to 14 deaths,"Khadezai, Orakzai"
32.984474,69.715805,"Apr 4, 2009",Obama,"Datta Khel, near Miram Shah",North Waziristan,11,15,13.1,11 to 15 deaths,"Datta Khel, near Miram Shah, North Waziristan"
32.990234,70.31868,"Aug 14, 2010",Obama,"Issori, 13 miles east of Miram Shah",North Waziristan,12,14,13.1,12 to 14 deaths,"Issori, 13 miles east of Miram Shah, North Waziristan"
33.756313,70.7547,"Dec 17, 2010",Obama,"Narai Baba, Tirah valley",Khyber,11,15,13.1,11 to 15 deaths,"Narai Baba, Tirah valley, Khyber"
33.1344,70.4512,"Oct 26, 2011",Obama,Bobar,North Waziristan,13,13,13.1,13 deaths,"Bobar, North Waziristan"
33.02613758,69.94514462,"Jul 19, 2014",Obama,Datta Khel,North Waziristan,11,15,13.1,11 to 15 deaths,"Datta Khel, North Waziristan"
32.99398,70.237999,"Jan 29, 2008",Bush,Near Mir Ali,North Waziristan,12,13,12.6,12 to 13 deaths,"Near Mir Ali, North Waziristan"
33.02018,70.029602,"Sep 15, 2010",Obama,"Dargah Mandi, outskirts of Miram Shah",North Waziristan,11,14,12.6,11 to 14 deaths,"Dargah Mandi, outskirts of Miram Shah, North Waziristan"
32.658455,70.179977,"Jan 6, 2013",Obama,Babar Ghar,South Waziristan,8,17,12.6,8 to 17 deaths,"Babar Ghar, South Waziristan"
33.004059,70.074921,"Sep 12, 2008",Bush,Tol Khel on the outskirts of Miram Shah,North Waziristan,12,12,12.1,12 deaths,"Tol Khel on the outskirts of Miram Shah, North Waziristan"
32.707577,69.873047,"Nov 14, 2008",Bush,Garyom,North Waziristan,11,13,12.1,11 to 13 deaths,"Garyom, North Waziristan"
32.524239,69.794769,"Aug 11, 2009",Obama,"Kani Guram, four miles from Ladha",South Waziristan,10,14,12.1,10 to 14 deaths,"Kani Guram, four miles from Ladha, South Waziristan"
33.6920485,70.0474217,"Oct 16, 2017",Trump,Maqbal,Kurram Agency,4,20,12.1,4 to 20 deaths,"Maqbal, Kurram Agency"
32.9767,70.269241,"Oct 31, 2008",Bush,Mir Ali,North Waziristan,8,15,11.6,8 to 15 deaths,"Mir Ali, North Waziristan"
33.012695,69.761124,"May 6, 2011",Obama,Datta Khel,North Waziristan,5,18,11.6,5 to 18 deaths,"Datta Khel, North Waziristan"
32.6138,69.5082,"Jul 12, 2011",Obama,"Bray Nishtar, Shawal area",North Waziristan,8,15,11.6,8 to 15 deaths,"Bray Nishtar, Shawal area, North Waziristan"
32.715954,69.610062,"Jul 23, 2012",Obama,Shawal,North Waziristan,9,14,11.6,9 to 14 deaths,"Shawal, North Waziristan"
33.017876,70.254822,"Feb 16, 2012",Obama,Mir Ali,North Waziristan,7,15,11.1,7 to 15 deaths,"Mir Ali, North Waziristan"
32.308025,69.409561,"Feb 28, 2008",Bush,Azam Warzak,South Waziristan,8,13,10.6,8 to 13 deaths,"Azam Warzak, South Waziristan"
32.311508,69.320984,"Aug 12, 2008",Bush,"Bhagar, 22 miles west of Wana",South Waziristan,9,12,10.6,9 to 12 deaths,"Bhagar, 22 miles west of Wana, South Waziristan"
32.989082,69.716492,"May 21, 2010",Obama,Asadabad village of Muhammad Khel area of Datta Khel,North Waziristan,9,12,10.6,9 to 12 deaths,"Asadabad village of Muhammad Khel area of Datta Khel, North Waziristan"
32.995419,69.77211,"Jul 15, 2010",Obama,"Sheerani, Mada Khel",North Waziristan,7,14,10.6,7 to 14 deaths,"Sheerani, Mada Khel, North Waziristan"
32.79882,69.507751,"Mar 9, 2012",Obama,Makin,South Waziristan,8,13,10.6,8 to 13 deaths,"Makin, South Waziristan"
32.97411,70.279541,"Jun 4, 2012",Obama,Hassokhel,North Waziristan,6,15,10.6,6 to 15 deaths,"Hassokhel, North Waziristan"
32.270878,69.589462,"Jan 23, 2009",Obama,"Dilfaraz or Ghangi Khel, near Wana",South Waziristan,10,10,10.1,10 deaths,"Dilfaraz or Ghangi Khel, near Wana, South Waziristan"
33.001755,69.713058,"Jan 29, 2010",Obama,"Muhammad Khel, Datta Khel",North Waziristan,5,15,10.1,5 to 15 deaths,"Muhammad Khel, Datta Khel, North Waziristan"
33.881817,70.85907,"May 15, 2010",Obama,"Ragha area, Tirah Valley",Khyber,5,15,10.1,5 to 15 deaths,"Ragha area, Tirah Valley, Khyber"
32.292938,69.304504,"May 28, 2010",Obama,"Mizai Nari, 38 km west of Wana",South Waziristan,8,12,10.1,8 to 12 deaths,"Mizai Nari, 38 km west of Wana, South Waziristan"
33.027664,70.017242,"Sep 8, 2010",Obama,Danday Darpakhel,North Waziristan,10,10,10.1,10 deaths,"Danday Darpakhel, North Waziristan"
33.016724,69.906006,"Dec 28, 2010",Obama,"Nawab village, in Ghulam Khan area",North Waziristan,10,10,10.1,10 deaths,"Nawab village, in Ghulam Khan area, North Waziristan"
33.527657,70.285034,"Jun 20, 2011",Obama,Khardand,Kurram,7,13,10.1,7 to 13 deaths,"Khardand, Kurram"
32.99736246,70.07629391,"Jun 12, 2014",Obama,Miramshah,North Waziristan,10,10,10.1,10 deaths,"Miramshah, North Waziristan"
32.29874,69.54071,"Oct 31, 2008",Bush,Wana,South Waziristan,7,12,9.6,7 to 12 deaths,"Wana, South Waziristan"
32.9538,70.262459,"Jan 23, 2009",Obama,"Zharki (Zera), near Mir Ali",North Waziristan,9,10,9.6,9 to 10 deaths,"Zharki (Zera), near Mir Ali, North Waziristan"
32.49065,70.004883,"Mar 1, 2009",Obama,"Sararogha, near Wana",South Waziristan,7,12,9.6,7 to 12 deaths,"Sararogha, near Wana, South Waziristan"
33.046082,70.019989,"Sep 8, 2009",Obama,"Dargamandi village, 3 miles northwest of Miram Shah",North Waziristan,9,10,9.6,9 to 10 deaths,"Dargamandi village, 3 miles northwest of Miram Shah, North Waziristan"
32.991386,69.742584,"Mar 16, 2010",Obama,"Datta Khel, 12 miles west of Miram Shah",North Waziristan,8,11,9.6,8 to 11 deaths,"Datta Khel, 12 miles west of Miram Shah, North Waziristan"
33.021908,69.656754,"Sep 14, 2010",Obama,"Bushnarai village, Shawal",North Waziristan,7,12,9.6,7 to 12 deaths,"Bushnarai village, Shawal, North Waziristan"
33.052414,70.19165,"Feb 8, 2012",Obama,Spalga,North Waziristan,9,10,9.6,9 to 10 deaths,"Spalga, North Waziristan"
32.298161,69.349136,"May 12, 2009",Obama,"Sara Khwara, 25 km west of Wana",South Waziristan,8,10,9.1,8 to 10 deaths,"Sara Khwara, 25 km west of Wana, South Waziristan"
32.821903,69.979477,"Dec 17, 2009",Obama,Deegan village,North Waziristan,4,14,9.1,4 to 14 deaths,"Deegan village, North Waziristan"
33.042629,70.061188,"Feb 24, 2010",Obama,"Dargi Mandi, 2.5 miles north of Miram Shah",North Waziristan,4,14,9.1,4 to 14 deaths,"Dargi Mandi, 2.5 miles north of Miram Shah, North Waziristan"
33.024784,69.823608,"Apr 12, 2010",Obama,"Boya village, 12 miles west of Miram Shah",North Waziristan,5,13,9.1,5 to 13 deaths,"Boya village, 12 miles west of Miram Shah, North Waziristan"
32.66597,70.161438,"Jul 25, 2010",Obama,Shaktoi village in the Pasalkot region,South Waziristan,4,14,9.1,4 to 14 deaths,"Shaktoi village in the Pasalkot region, South Waziristan"
32.6238,69.4968,"Jul 12, 2011",Obama,"Malik Shahi village, Dremala/Bermal Tehsil, Shawal, near the border with North Waziristan and Paktika,",South Waziristan,5,13,9.1,5 to 13 deaths,"Malik Shahi village, Dremala/Bermal Tehsil, Shawal, near the border with North Waziristan and Paktika,, South Waziristan"
32.963451,70.31044,"Aug 22, 2011",Obama,"Norak, near Mir Ali",North Waziristan,7,11,9.1,7 to 11 deaths,"Norak, near Mir Ali, North Waziristan"
32.884201,69.598389,"May 5, 2012",Obama,Shawal,North Waziristan,8,10,9.1,8 to 10 deaths,"Shawal, North Waziristan"
33.1440818,70.0212442,"Apr 26, 2017",Trump,Lawara Mandi,North Waziristan,7,11,9.1,7 to 11 deaths,"Lawara Mandi, North Waziristan"
33.046658,69.539337,"Sep 5, 2008",Bush,Gurwak,North Waziristan,5,12,8.6,5 to 12 deaths,"Gurwak, North Waziristan"
33.07716,70.069427,"Dec 26, 2009",Obama,"Babar Raghzai area of the Saidgi village, 4 miles north of Miram Shah",North Waziristan,3,14,8.6,3 to 14 deaths,"Babar Raghzai area of the Saidgi village, 4 miles north of Miram Shah, North Waziristan"
32.963161,70.241776,"Feb 14, 2010",Obama,Mir Ali,North Waziristan,8,9,8.6,8 to 9 deaths,"Mir Ali, North Waziristan"
32.994267,69.558563,"May 11, 2010",Obama,"Gorwek, near Afghan border",North Waziristan,7,10,8.6,7 to 10 deaths,"Gorwek, near Afghan border, North Waziristan"
32.997147,69.656754,"Jun 11, 2010",Obama,"Datta Khel, 12 miles west of Miram Shah",North Waziristan,8,9,8.6,8 to 9 deaths,"Datta Khel, 12 miles west of Miram Shah, North Waziristan"
33.070827,69.701385,"Sep 20, 2010",Obama,"Darazinda village, 25 miles northeast of Miram Shah",North Waziristan,8,9,8.6,8 to 9 deaths,"Darazinda village, 25 miles northeast of Miram Shah, North Waziristan"
32.990234,69.631348,"Oct 2, 2010",Obama,"Inzarkas village, Datta Khel",North Waziristan,8,9,8.6,8 to 9 deaths,"Inzarkas village, Datta Khel, North Waziristan"
32.981022,70.256882,"Oct 4, 2010",Obama,Mir Ali,North Waziristan,5,12,8.6,5 to 12 deaths,"Mir Ali, North Waziristan"
33.05817,70.080414,"Nov 7, 2010",Obama,"Ghulam Khan, north of Miram Shah",North Waziristan,8,9,8.6,8 to 9 deaths,"Ghulam Khan, north of Miram Shah, North Waziristan"
32.168636,69.576416,"Jun 3, 2011",Obama,"Laman, in Ghwa Khwa and Karikot area, 20km south of Wana",South Waziristan,5,12,8.6,5 to 12 deaths,"Laman, in Ghwa Khwa and Karikot area, 20km south of Wana, South Waziristan"
32.713356,69.608688,"Aug 18, 2012",Obama,Shwedar,North Waziristan,5,12,8.6,5 to 12 deaths,"Shwedar, North Waziristan"
32.49007,69.320297,"Jan 2, 2013",Obama,Angoor Adda,South Waziristan,6,11,8.6,6 to 11 deaths,"Angoor Adda, South Waziristan"
33.010391,70.043335,"Nov 5, 2005",Bush,Haisori,North Waziristan,8,8,8.1,8 deaths,"Haisori, North Waziristan"
32.52771,69.855881,"Jul 8, 2009",Obama,"Laddha, Karwan Manza",South Waziristan,6,10,8.1,6 to 10 deaths,"Laddha, Karwan Manza, South Waziristan"
33.002331,70.290527,"Nov 20, 2009",Obama,Palooseen Village in Mir Ali,North Waziristan,8,8,8.1,8 deaths,"Palooseen Village in Mir Ali, North Waziristan"
32.997147,69.672546,"May 9, 2010",Obama,"Inzarkas village, Datta Khel",North Waziristan,6,10,8.1,6 to 10 deaths,"Inzarkas village, Datta Khel, North Waziristan"
32.234295,69.530411,"Jun 29, 2010",Obama,"Lamal village, near Karikot, 6 miles SW of Wana",South Waziristan,6,10,8.1,6 to 10 deaths,"Lamal village, near Karikot, 6 miles SW of Wana, South Waziristan"
32.98793,69.640961,"Oct 2, 2010",Obama,"Asar village, Datta Khel",North Waziristan,6,10,8.1,6 to 10 deaths,"Asar village, Datta Khel, North Waziristan"
33.02824,70.239716,"Jan 1, 2011",Obama,"Mandi Khel, near Mir Ali",North Waziristan,7,9,8.1,7 to 9 deaths,"Mandi Khel, near Mir Ali, North Waziristan"
32.65065,70.185471,"Feb 8, 2013",Obama,Babar Ghar,South Waziristan,7,9,8.1,7 to 9 deaths,"Babar Ghar, South Waziristan"
32.09064163,69.45831295,"Oct 6, 2014",Obama,Shawal,North Waziristan,8,8,8.1,8 deaths,"Shawal, North Waziristan"
33.00005289,69.92935177,"Dec 26, 2014",Obama,Shawal Valley,North Waziristan,7,9,8.1,7 to 9 deaths,"Shawal Valley, North Waziristan"
32.6169196,69.4999301,"Jun 6, 2015",Obama,Shawal,North Waziristan,7,9,8.1,7 to 9 deaths,"Shawal, North Waziristan"
32.301064,69.598389,"Aug 20, 2008",Bush,Wana,South Waziristan,5,10,7.6,5 to 10 deaths,"Wana, South Waziristan"
32.994843,70.167618,"Oct 9, 2008",Bush,"Tati, near Miram Shah",North Waziristan,6,9,7.6,6 to 9 deaths,"Tati, near Miram Shah, North Waziristan"
32.97123,70.245895,"Sep 24, 2009",Obama,Near Mir Ali,North Waziristan,3,12,7.6,3 to 12 deaths,"Near Mir Ali, North Waziristan"
32.978718,70.327606,"Apr 24, 2010",Obama,"Machi Khel, 12 miles east of Miram Shah",North Waziristan,7,8,7.6,7 to 8 deaths,"Machi Khel, 12 miles east of Miram Shah, North Waziristan"
32.99081,70.304604,"Oct 10, 2010",Obama,"Spin Wam refugee camp, outside Mir Ali",North Waziristan,7,8,7.6,7 to 8 deaths,"Spin Wam refugee camp, outside Mir Ali, North Waziristan"
32.994843,69.726791,"Oct 28, 2010",Obama,"Ismail Khel, in Datta Khel",North Waziristan,4,11,7.6,4 to 11 deaths,"Ismail Khel, in Datta Khel, North Waziristan"
32.6272,69.4453,"Jun 27, 2011",Obama,Bray Nishtar,South Waziristan,3,12,7.6,3 to 12 deaths,"Bray Nishtar, South Waziristan"
33.036297,70.268555,"May 24, 2012",Obama,Mir Ali,North Waziristan,5,10,7.6,5 to 10 deaths,"Mir Ali, North Waziristan"
32.306866,69.446465,"Jun 3, 2012",Obama,Wacha Dana,South Waziristan,5,10,7.6,5 to 10 deaths,"Wacha Dana, South Waziristan"
33.04090313,69.98291012,"Sep 24, 2014",Obama,Datta Khel,North Waziristan,5,10,7.6,5 to 10 deaths,"Datta Khel, North Waziristan"
32.307446,69.56543,"Jun 19, 2004",Bush,Wana,South Waziristan,7,7,7.1,7 deaths,"Wana, South Waziristan"
32.992538,70.098953,"Nov 2, 2007",Bush,Outside Miram Shah,North Waziristan,5,9,7.1,5 to 9 deaths,"Outside Miram Shah, North Waziristan"
33.01442,70.061188,"Aug 31, 2008",Bush,"Tappi, Miram Shah",North Waziristan,6,8,7.1,6 to 8 deaths,"Tappi, Miram Shah, North Waziristan"
33.023632,70.074577,"Oct 23, 2008",Bush,"Danda Darpa Khel, outside Miram Shah",North Waziristan,4,10,7.1,4 to 10 deaths,"Danda Darpa Khel, outside Miram Shah, North Waziristan"
32.616241,69.848328,"Mar 25, 2009",Obama,Makeen,South Waziristan,7,7,7.1,7 deaths,"Makeen, South Waziristan"
32.582691,69.849014,"Aug 5, 2009",Obama,Zangra village of Ladha,South Waziristan,2,12,7.1,2 to 12 deaths,"Zangra village of Ladha, South Waziristan"
32.989082,70.328293,"Sep 30, 2009",Obama,"Norak, 12 miles east of Miram Shah",North Waziristan,5,9,7.1,5 to 9 deaths,"Norak, 12 miles east of Miram Shah, North Waziristan"
32.992538,69.654007,"Oct 13, 2010",Obama,"Inzarkas village, Datta Khel",North Waziristan,3,11,7.1,3 to 11 deaths,"Inzarkas village, Datta Khel, North Waziristan"
33.804256,70.736847,"Dec 16, 2010",Obama,Spin Drand area of the Tirah Valley,Khyber,7,7,7.1,7 deaths,"Spin Drand area of the Tirah Valley, Khyber"
33.790562,70.823364,"Dec 17, 2010",Obama,"Sandana, Tirah Valley",Khyber,7,7,7.1,7 deaths,"Sandana, Tirah Valley, Khyber"
33.1347,70.1649,"Mar 11, 2011",Obama,Ghorski,North Waziristan,4,10,7.1,4 to 10 deaths,"Ghorski, North Waziristan"
32.874973,69.614868,"Mar 13, 2012",Obama,Tehsil Bermal,North Waziristan,6,8,7.1,6 to 8 deaths,"Tehsil Bermal, North Waziristan"
32.713356,69.608688,"Jul 1, 2012",Obama,Dre Nishtar Village,North Waziristan,6,8,7.1,6 to 8 deaths,"Dre Nishtar Village, North Waziristan"
33.005783,70.246178,"Jul 29, 2012",Obama,Khushhali Turikhel,North Waziristan,7,7,7.1,7 deaths,"Khushhali Turikhel, North Waziristan"
32.62555094,69.49607846,"Jun 7, 2013",Obama,Mangroti,North Waziristan,7,7,7.1,7 deaths,"Mangroti, North Waziristan"
33.01575629,70.01943108,"Jul 28, 2013",Obama,"Shinkai Narai, Shawal",North Waziristan,6,8,7.1,6 to 8 deaths,"Shinkai Narai, Shawal, North Waziristan"
32.31673,69.384155,"Dec 11, 2008",Bush,Azam Warzak,South Waziristan,6,7,6.6,6 to 7 deaths,"Azam Warzak, South Waziristan"
32.995995,69.682159,"Mar 21, 2010",Obama,Lowari Mandi area of Datta Khel,North Waziristan,5,8,6.6,5 to 8 deaths,"Lowari Mandi area of Datta Khel, North Waziristan"
32.46806,69.300385,"Sep 21, 2010",Obama,"Khund, South Waziristan border with Afghanistan",South Waziristan,6,7,6.6,6 to 7 deaths,"Khund, South Waziristan border with Afghanistan, South Waziristan"
32.984188,69.696922,"Oct 8, 2010",Obama,"Charkhel, in Datta Khel",North Waziristan,4,9,6.6,4 to 9 deaths,"Charkhel, in Datta Khel, North Waziristan"
33.027664,69.741898,"Nov 11, 2010",Obama,"Gulli Khel village, Ghulam Khan, 8 miles from Miram Shah",North Waziristan,6,7,6.6,6 to 7 deaths,"Gulli Khel village, Ghulam Khan, 8 miles from Miram Shah, North Waziristan"
32.962585,70.276794,"Nov 21, 2010",Obama,"Khaddi, 10 miles east of Miram Shah",North Waziristan,4,9,6.6,4 to 9 deaths,"Khaddi, 10 miles east of Miram Shah, North Waziristan"
33.029388,69.916992,"Dec 28, 2010",Obama,"Ghulam Khan, 20 km north of Miram Shah",North Waziristan,5,8,6.6,5 to 8 deaths,"Ghulam Khan, 20 km north of Miram Shah, North Waziristan"
33.040901,70.19989,"Feb 21, 2011",Obama,"Spalga village, 12 miles south of Miram Shah",North Waziristan,5,8,6.6,5 to 8 deaths,"Spalga village, 12 miles south of Miram Shah, North Waziristan"
32.306866,69.56543,"Jun 15, 2011",Obama,Wana,South Waziristan,3,10,6.6,3 to 10 deaths,"Wana, South Waziristan"
32.996284,70.074921,"Nov 15, 2011",Obama,Miranshah,North Waziristan,6,7,6.6,6 to 7 deaths,"Miranshah, North Waziristan"
32.5418,69.4455,"May 28, 2012",Obama,Datta Khel,North Waziristan,5,8,6.6,5 to 8 deaths,"Datta Khel, North Waziristan"
33.010967,69.831848,"Aug 21, 2012",Obama,"Shanakhora, 12 miles west of Miram Shah",North Waziristan,4,9,6.6,4 to 9 deaths,"Shanakhora, 12 miles west of Miram Shah, North Waziristan"
33.01620273,69.97398373,"Sep 22, 2013",Obama,Shawal,North Waziristan,6,7,6.6,6 to 7 deaths,"Shawal, North Waziristan"
32.94195895,69.803009,"Oct 7, 2014",Obama,Datta Khel,North Waziristan,6,7,6.6,6 to 7 deaths,"Datta Khel, North Waziristan"
33.00178048,69.94239804,"Jan 4, 2015",Obama,Datta Khel,North Waziristan,5,8,6.6,5 to 8 deaths,"Datta Khel, North Waziristan"
32.75205508,69.57916256,"Jan 29, 2015",Obama,"Shawal Valley, North Waziristan",North Waziristan,6,7,6.6,6 to 7 deaths,"Shawal Valley, North Waziristan, North Waziristan"
32.500496,69.283905,"Sep 17, 2008",Bush,"Baghar Cheena region, 55km west of Wana",South Waziristan,5,7,6.1,5 to 7 deaths,"Baghar Cheena region, 55km west of Wana, South Waziristan"
32.520184,69.783783,"Apr 29, 2009",Obama,"Kaniguram, near Wana",South Waziristan,6,6,6.1,6 deaths,"Kaniguram, near Wana, South Waziristan"
32.288876,69.608688,"Jun 18, 2009",Obama,"Shah Alam, Birmal, near Wana",South Waziristan,1,11,6.1,1 to 11 deaths,"Shah Alam, Birmal, near Wana, South Waziristan"
32.509182,69.798889,"Aug 27, 2009",Obama,Tapar Ghai areain the Kanigram district,South Waziristan,4,8,6.1,4 to 8 deaths,"Tapar Ghai areain the Kanigram district, South Waziristan"
32.997723,70.041962,"Sep 29, 2009",Obama,Danda Darpakhel,North Waziristan,5,7,6.1,5 to 7 deaths,"Danda Darpakhel, North Waziristan"
32.976414,69.728165,"Feb 2, 2010",Obama,"Deegan, 18 miles west of Miram Shah",North Waziristan,4,8,6.1,4 to 8 deaths,"Deegan, 18 miles west of Miram Shah, North Waziristan"
32.983898,69.751511,"Sep 4, 2010",Obama,Datta Khel,North Waziristan,4,8,6.1,4 to 8 deaths,"Datta Khel, North Waziristan"
32.344002,69.66568,"Sep 21, 2010",Obama,"Azam Warsak, 6 miles NW of Wana",South Waziristan,5,7,6.1,5 to 7 deaths,"Azam Warsak, 6 miles NW of Wana, South Waziristan"
32.970654,70.293961,"Oct 15, 2010",Obama,Aziz Khel,North Waziristan,6,6,6.1,6 deaths,"Aziz Khel, North Waziristan"
32.976414,69.733658,"Oct 18, 2010",Obama,Sanzali area of Datta Khel,North Waziristan,5,7,6.1,5 to 7 deaths,"Sanzali area of Datta Khel, North Waziristan"
33.037449,69.906006,"Dec 31, 2010",Obama,"Ghulam Khan, 15km NW of Miram Shah",North Waziristan,4,8,6.1,4 to 8 deaths,"Ghulam Khan, 15km NW of Miram Shah, North Waziristan"
32.691399,69.846954,"Jan 23, 2011",Obama,"Mando Khel, 60km south of Miram Shah near Razmak",North Waziristan,6,6,6.1,6 deaths,"Mando Khel, 60km south of Miram Shah near Razmak, North Waziristan"
32.313831,69.422607,"Feb 20, 2011",Obama,"Kaza Panga village, 10 miles west of Wana",South Waziristan,4,8,6.1,4 to 8 deaths,"Kaza Panga village, 10 miles west of Wana, South Waziristan"
32.976414,69.719238,"Jan 13, 2012",Obama,New Aadda (outside Miranshah),North Waziristan,4,8,6.1,4 to 8 deaths,"New Aadda (outside Miranshah), North Waziristan"
31.840233,70.037842,"Mar 9, 2012",Obama,Nishpa,South Waziristan,6,6,6.1,6 deaths,"Nishpa, South Waziristan"
32.583851,69.483032,"Mar 13, 2012",Obama,Uthghalai,South Waziristan,5,7,6.1,5 to 7 deaths,"Uthghalai, South Waziristan"
32.71711,69.616043,"Aug 24, 2012",Obama,Darray Nashtar,North Waziristan,6,6,6.1,6 deaths,"Darray Nashtar, North Waziristan"
33.24281527,70.22186276,"Sep 6, 2013",Obama,"Dargah Mandi, Ghulam Khan",North Waziristan,6,6,6.1,6 deaths,"Dargah Mandi, Ghulam Khan, North Waziristan"
33.01711136,70.06818291,"Nov 1, 2013",Obama,"Dande Darpa Khel, Miran Shah",North Waziristan,5,7,6.1,5 to 7 deaths,"Dande Darpa Khel, Miran Shah, North Waziristan"
33.0792263,69.91836544,"Jul 10, 2014",Obama,Datta Khel,North Waziristan,6,6,6.1,6 deaths,"Datta Khel, North Waziristan"
32.90611606,69.74464413,"Nov 11, 2014",Obama,Datta Khel,North Waziristan,6,6,6.1,6 deaths,"Datta Khel, North Waziristan"
32.90676122,69.75133892,"Nov 20, 2014",Obama,Mada Khel,North Waziristan,6,6,6.1,6 deaths,"Mada Khel, North Waziristan"
31.88016221,69.30587765,"Jan 15, 2015",Obama,Tehsil Ladha,South Waziristan,6,6,6.1,6 deaths,"Tehsil Ladha, South Waziristan"
32.326595,69.521484,"Aug 30, 2008",Bush,Korzai region near Wana,South Waziristan,5,6,5.6,5 to 6 deaths,"Korzai region near Wana, South Waziristan"
33.016724,69.848328,"Sep 4, 2008",Bush,Char Khel,North Waziristan,4,7,5.6,4 to 7 deaths,"Char Khel, North Waziristan"
32.995419,70.31662,"Sep 7, 2009",Obama,"Machi Khel, near Mir Ali",North Waziristan,4,7,5.6,4 to 7 deaths,"Machi Khel, near Mir Ali, North Waziristan"
32.493546,70.023422,"Sep 29, 2009",Obama,Sararogha,South Waziristan,5,6,5.6,5 to 6 deaths,"Sararogha, South Waziristan"
32.98505,69.739151,"Dec 18, 2009",Obama,"Babrak Ziarat, near Wazgai village of Datta Khel Tehsil",North Waziristan,3,8,5.6,3 to 8 deaths,"Babrak Ziarat, near Wazgai village of Datta Khel Tehsil, North Waziristan"
33.003483,70.015182,"Jan 8, 2010",Obama,"Tapi Village, near Miram Shah",North Waziristan,3,8,5.6,3 to 8 deaths,"Tapi Village, near Miram Shah, North Waziristan"
33.027664,70.069427,"Jul 25, 2010",Obama,"Tabbi Tolkhel, 4 km north of Miram Shah",North Waziristan,4,7,5.6,4 to 7 deaths,"Tabbi Tolkhel, 4 km north of Miram Shah, North Waziristan"
33.0047,70.0675,"Sep 4, 2010",Obama,near Miramshah,North Waziristan,5,6,5.6,5 to 6 deaths,"near Miramshah, North Waziristan"
33.008663,69.76181,"Sep 15, 2010",Obama,Payekhel village of Dattakhel district,North Waziristan,4,7,5.6,4 to 7 deaths,"Payekhel village of Dattakhel district, North Waziristan"
32.97382,70.312157,"Nov 1, 2010",Obama,"Hyder Khel, near Mir Ali",North Waziristan,5,6,5.6,5 to 6 deaths,"Hyder Khel, near Mir Ali, North Waziristan"
33.094994,70.276794,"Mar 11, 2011",Obama,"Spinwam village, Khaisor, 30 miles north of Miram Shah",North Waziristan,5,6,5.6,5 to 6 deaths,"Spinwam village, Khaisor, 30 miles north of Miram Shah, North Waziristan"
32.986778,69.697266,"May 12, 2011",Obama,Datta Khel,North Waziristan,3,8,5.6,3 to 8 deaths,"Datta Khel, North Waziristan"
32.992538,70.221863,"May 23, 2011",Obama,"Machikhel, Mir Ali",North Waziristan,4,7,5.6,4 to 7 deaths,"Machikhel, Mir Ali, North Waziristan"
32.6126,69.5078,"Jul 12, 2011",Obama,"Bray Nishtar, Shawal area",North Waziristan,3,8,5.6,3 to 8 deaths,"Bray Nishtar, Shawal area, North Waziristan"
32.3649,69.3029,"Nov 17, 2011",Obama,Shawal,North Waziristan,4,7,5.6,4 to 7 deaths,"Shawal, North Waziristan"
33.001755,70.073547,"Feb 9, 2012",Obama,Miranshah,North Waziristan,3,8,5.6,3 to 8 deaths,"Miranshah, North Waziristan"
33.043205,70.188904,"Feb 16, 2012",Obama,Spalga,North Waziristan,5,6,5.6,5 to 6 deaths,"Spalga, North Waziristan"
32.713932,69.612122,"Aug 19, 2012",Obama,Mana,North Waziristan,4,7,5.6,4 to 7 deaths,"Mana, North Waziristan"
32.71711,69.616043,"Aug 24, 2012",Obama,Darray Nashtar,North Waziristan,5,6,5.6,5 to 6 deaths,"Darray Nashtar, North Waziristan"
32.71711,69.616043,"Aug 24, 2012",Obama,Darray Nashtar,North Waziristan,5,6,5.6,5 to 6 deaths,"Darray Nashtar, North Waziristan"
32.905102,69.752785,"Sep 24, 2012",Obama,Datta Khel,North Waziristan,5,6,5.6,5 to 6 deaths,"Datta Khel, North Waziristan"
33.00034982,70.06736752,"May 29, 2013",Obama,Miranshah,North Waziristan,4,7,5.6,4 to 7 deaths,"Miranshah, North Waziristan"
33.04090313,69.98428341,"Aug 6, 2014",Obama,Datta Khel,North Waziristan,5,6,5.6,5 to 6 deaths,"Datta Khel, North Waziristan"
32.26332983,69.45281979,"Oct 30, 2014",Obama,Wana,South Waziristan,4,7,5.6,4 to 7 deaths,"Wana, South Waziristan"
32.905929,69.748292,"Aug 6, 2015",Obama,Datta Khel,North Waziristan,4,7,5.6,4 to 7 deaths,"Datta Khel, North Waziristan"
32.9056139,69.7482919,"Sep 1, 2015",Obama,Datta Khel,North Waziristan,5,6,5.6,5 to 6 deaths,"Datta Khel, North Waziristan"
32.09686,70.2657,"Dec 1, 2005",Bush,Patasi Adda,North Waziristan,5,5,5.1,5 deaths,"Patasi Adda, North Waziristan"
32.288296,69.439774,"Jul 28, 2008",Bush,Zeralita in the Azam Warsak region,South Waziristan,4,6,5.1,4 to 6 deaths,"Zeralita in the Azam Warsak region, South Waziristan"
32.799973,70.489655,"Nov 19, 2008",Bush,Jani Khel,Khyber Pakhtunkhwa,5,5,5.1,5 deaths,"Jani Khel, Khyber Pakhtunkhwa"
32.981308,70.067368,"Nov 22, 2008",Bush,Ali Khel region just outside of Miram Shah,North Waziristan,5,5,5.1,5 deaths,"Ali Khel region just outside of Miram Shah, North Waziristan"
32.334141,69.568176,"Jun 18, 2009",Obama,"Raghzai area, near Wana",South Waziristan,1,9,5.1,1 to 9 deaths,"Raghzai area, near Wana, South Waziristan"
32.592525,69.599075,"Jul 3, 2009",Obama,Mantoi area,South Waziristan,0,10,5.1,0 to 10 deaths,"Mantoi area, South Waziristan"
32.959129,70.287094,"Sep 14, 2009",Obama,"Toori Khel, near Mir Ali",North Waziristan,4,6,5.1,4 to 6 deaths,"Toori Khel, near Mir Ali, North Waziristan"
33.005783,70.090027,"Mar 8, 2010",Obama,Maley Khan Sirai area of Miram Shah,North Waziristan,5,5,5.1,5 deaths,"Maley Khan Sirai area of Miram Shah, North Waziristan"
32.985626,70.054321,"Mar 23, 2010",Obama,"Machis, outskirts of Miram Shah",North Waziristan,4,6,5.1,4 to 6 deaths,"Machis, outskirts of Miram Shah, North Waziristan"
32.997147,70.302887,"Mar 31, 2010",Obama,"Tapi Village, 13 miles east of Miram Shah",North Waziristan,4,6,5.1,4 to 6 deaths,"Tapi Village, 13 miles east of Miram Shah, North Waziristan"
32.998299,70.119553,"Apr 16, 2010",Obama,"Toorkhel, suburbs of Miram Shah",North Waziristan,4,6,5.1,4 to 6 deaths,"Toorkhel, suburbs of Miram Shah, North Waziristan"
32.972958,70.350952,"Apr 26, 2010",Obama,"Khushali Toorkhel, 15 miles east of Miram Shah",North Waziristan,4,6,5.1,4 to 6 deaths,"Khushali Toorkhel, 15 miles east of Miram Shah, North Waziristan"
32.983898,70.059128,"Aug 21, 2010",Obama,"Kutabkhel village, 3 km south of Miram Shah",North Waziristan,4,6,5.1,4 to 6 deaths,"Kutabkhel village, 3 km south of Miram Shah, North Waziristan"
33.0155,70.056,"Aug 23, 2010",Obama,Derga Mandy,North Waziristan,5,5,5.1,5 deaths,"Derga Mandy, North Waziristan"
32.995419,70.015182,"Sep 8, 2010",Obama,Dargha Mandi at Ghulam Khan Road area,North Waziristan,4,6,5.1,4 to 6 deaths,"Dargha Mandi at Ghulam Khan Road area, North Waziristan"
33.008087,70.061874,"Sep 9, 2010",Obama,Outskirts of Miram Shah,North Waziristan,4,6,5.1,4 to 6 deaths,"Outskirts of Miram Shah, North Waziristan"
32.986202,69.685593,"Sep 12, 2010",Obama,Datta Khel,North Waziristan,4,6,5.1,4 to 6 deaths,"Datta Khel, North Waziristan"
32.979294,69.664307,"Sep 26, 2010",Obama,"Tarmanu Road, 31 miles west of Miram Shah",North Waziristan,5,5,5.1,5 deaths,"Tarmanu Road, 31 miles west of Miram Shah, North Waziristan"
32.98217,69.627914,"Nov 7, 2010",Obama,"Moizer town, Datta Khel",North Waziristan,4,6,5.1,4 to 6 deaths,"Moizer town, Datta Khel, North Waziristan"
32.97094,70.349403,"Nov 22, 2010",Obama,"Khushali, 15 miles east of Miram Shah",North Waziristan,4,6,5.1,4 to 6 deaths,"Khushali, 15 miles east of Miram Shah, North Waziristan"
32.983322,70.405884,"Dec 6, 2010",Obama,"Khysore village, 20 miles east of Miram Shah",North Waziristan,3,7,5.1,3 to 7 deaths,"Khysore village, 20 miles east of Miram Shah, North Waziristan"
33.0291,70.2468,"Dec 27, 2010",Obama,"Machikhel, Mir Ali",North Waziristan,4,6,5.1,4 to 6 deaths,"Machikhel, Mir Ali, North Waziristan"
32.314991,69.447327,"Mar 8, 2011",Obama,"Landidog, 12 miles west of Wama",South Waziristan,5,5,5.1,5 deaths,"Landidog, 12 miles west of Wama, South Waziristan"
33.050114,70.201263,"Mar 13, 2011",Obama,"Spalga village, 15km NE of Miram Shah",North Waziristan,4,6,5.1,4 to 6 deaths,"Spalga village, 15km NE of Miram Shah, North Waziristan"
33.001755,69.781036,"Mar 16, 2011",Obama,"Datta Khel, 15 miles west of Miram Shah",North Waziristan,4,6,5.1,4 to 6 deaths,"Datta Khel, 15 miles west of Miram Shah, North Waziristan"
32.512077,69.296265,"Apr 13, 2011",Obama,"Angoor Adda, Bhangar area",South Waziristan,4,6,5.1,4 to 6 deaths,"Angoor Adda, Bhangar area, South Waziristan"
32.996571,70.351639,"May 16, 2011",Obama,Mir Ali,North Waziristan,4,6,5.1,4 to 6 deaths,"Mir Ali, North Waziristan"
33.009525,70.185814,"May 20, 2011",Obama,"Tappi area, 10km east of Miram Shah",North Waziristan,4,6,5.1,4 to 6 deaths,"Tappi area, 10km east of Miram Shah, North Waziristan"
33.010967,70.180664,"Jun 15, 2011",Obama,"Tapi, 10 km east of Miram Shah",North Waziristan,4,6,5.1,4 to 6 deaths,"Tapi, 10 km east of Miram Shah, North Waziristan"
32.327763,69.436302,"Oct 27, 2011",Obama,"Azam Warsak, 12 miles west of Wana",South Waziristan,4,6,5.1,4 to 6 deaths,"Azam Warsak, 12 miles west of Wana, South Waziristan"
32.712776,69.608345,"Jun 26, 2012",Obama,Shawal,North Waziristan,4,6,5.1,4 to 6 deaths,"Shawal, North Waziristan"
32.715668,69.452019,"Sep 1, 2012",Obama,Degan,North Waziristan,4,6,5.1,4 to 6 deaths,"Degan, North Waziristan"
32.991604,70.165199,"Oct 10, 2012",Obama,"Hurmuz, east of Miranshah",North Waziristan,5,5,5.1,5 deaths,"Hurmuz, east of Miranshah, North Waziristan"
32.98822,70.209503,"Jan 3, 2013",Obama,Between Miran Shah and Mir Ali,North Waziristan,4,6,5.1,4 to 6 deaths,"Between Miran Shah and Mir Ali, North Waziristan"
32.971191,70.277908,"Jan 8, 2013",Obama,Mir Ali,North Waziristan,5,5,5.1,5 deaths,"Mir Ali, North Waziristan"
32.53805827,69.97741696,"Apr 17, 2013",Obama,Sararogha,South Waziristan,5,5,5.1,5 deaths,"Sararogha, South Waziristan"
32.99795289,69.90394589,"Oct 5, 2014",Obama,Shawal,South Waziristan,5,5,5.1,5 deaths,"Shawal, South Waziristan"
32.96840141,69.8483276,"Dec 6, 2014",Obama,Datta Khel,North Waziristan,4,6,5.1,4 to 6 deaths,"Datta Khel, North Waziristan"
32.94656185,69.81536862,"Dec 20, 2014",Obama,Datta Khel,North Waziristan,5,5,5.1,5 deaths,"Datta Khel, North Waziristan"
32.614715,69.499587,"May 18, 2015",Obama,Shawal,North Waziristan,5,5,5.1,5 deaths,"Shawal, North Waziristan"
32.704161,69.467315,"Jan 9, 2016",Obama,Mangrooti,North Waziristan,5,5,5.1,5 deaths,"Mangrooti, North Waziristan"
32.8453688,69.4870511,"Feb 8, 2018",Trump,Gorwak,North Waziristan,3,7,5.1,3 to 7 deaths,"Gorwak, North Waziristan"
32.97699,70.303574,"Oct 1, 2008",Bush,"Khusali Toorikhel, near Mir Ali",North Waziristan,4,5,4.6,4 to 5 deaths,"Khusali Toorikhel, near Mir Ali, North Waziristan"
32.99369,70.092087,"Oct 11, 2008",Bush,Just outside Miram Shah,North Waziristan,4,5,4.6,4 to 5 deaths,"Just outside Miram Shah, North Waziristan"
32.966618,70.32074,"Mar 26, 2009",Obama,"Sokhel, Mir Ali",North Waziristan,4,5,4.6,4 to 5 deaths,"Sokhel, Mir Ali, North Waziristan"
32.704109,70.063934,"Jul 17, 2009",Obama,"Gariwan, 19 miles south of Miram Shah",North Waziristan,4,5,4.6,4 to 5 deaths,"Gariwan, 19 miles south of Miram Shah, North Waziristan"
32.667992,70.144958,"Jan 15, 2010",Obama,"Bichi village, Mirkhwanai area, near Shaktoi",North Waziristan,3,6,4.6,3 to 6 deaths,"Bichi village, Mirkhwanai area, near Shaktoi, North Waziristan"
32.972958,69.700012,"Jan 19, 2010",Obama,"Deegan, 18 miles west of Miram Shah",North Waziristan,3,6,4.6,3 to 6 deaths,"Deegan, 18 miles west of Miram Shah, North Waziristan"
32.9989,69.9534,"Feb 2, 2010",Obama,"Toor Narai village, Datta Khel, 30km west of Miram Shah",North Waziristan,2,7,4.6,2 to 7 deaths,"Toor Narai village, Datta Khel, 30km west of Miram Shah, North Waziristan"
33.0023,69.8696,"Feb 2, 2010",Obama,Pai Khel,North Waziristan,2,7,4.6,2 to 7 deaths,"Pai Khel, North Waziristan"
32.5725,69.5306,"Feb 2, 2010",Obama,Muhammad Khel,North Waziristan,2,7,4.6,2 to 7 deaths,"Muhammad Khel, North Waziristan"
32.995995,69.625854,"Mar 17, 2010",Obama,"Mada Khel, 25 miles west of Miram Shah",North Waziristan,3,6,4.6,3 to 6 deaths,"Mada Khel, 25 miles west of Miram Shah, North Waziristan"
32.994267,69.777603,"Sep 3, 2010",Obama,"Datta Khel, 12 miles west of Miram Shah",North Waziristan,2,7,4.6,2 to 7 deaths,"Datta Khel, 12 miles west of Miram Shah, North Waziristan"
32.977566,69.711685,"Sep 6, 2010",Obama,"Khar Qamar, a village in Datta Khel",North Waziristan,3,6,4.6,3 to 6 deaths,"Khar Qamar, a village in Datta Khel, North Waziristan"
32.974972,69.686279,"Sep 19, 2010",Obama,"Deghan, Datta Khel,",North Waziristan,4,5,4.6,4 to 5 deaths,"Deghan, Datta Khel,, North Waziristan"
33.012695,70.10788,"Oct 6, 2010",Obama,Miram Shah,North Waziristan,3,6,4.6,3 to 6 deaths,"Miram Shah, North Waziristan"
33.021332,70.013123,"Nov 3, 2010",Obama,"Qutub Khel, near Miram Shah",North Waziristan,4,5,4.6,4 to 5 deaths,"Qutub Khel, near Miram Shah, North Waziristan"
33.02824,70.236969,"Jan 1, 2011",Obama,"Ghoresti, near Mir Ali",North Waziristan,4,5,4.6,4 to 5 deaths,"Ghoresti, near Mir Ali, North Waziristan"
32.997147,69.749451,"Jan 7, 2011",Obama,"Ghar Laley, 22 miles west of Miram Shah",North Waziristan,4,5,4.6,4 to 5 deaths,"Ghar Laley, 22 miles west of Miram Shah, North Waziristan"
33.004059,69.603882,"Jan 18, 2011",Obama,"Asar village, 25 miles west of Miram Shah, Datta Khel",North Waziristan,4,5,4.6,4 to 5 deaths,"Asar village, 25 miles west of Miram Shah, Datta Khel, North Waziristan"
32.976414,69.643707,"Feb 24, 2011",Obama,"Mohammed Khel, in Danday Darpa Khel",North Waziristan,4,5,4.6,4 to 5 deaths,"Mohammed Khel, in Danday Darpa Khel, North Waziristan"
32.968,69.69,"Mar 8, 2011",Obama,Ismailkhel,North Waziristan,4,5,4.6,4 to 5 deaths,"Ismailkhel, North Waziristan"
32.999451,70.3125,"Mar 14, 2011",Obama,"Malik Jashdar, 6 miles east of Miram Shah",North Waziristan,3,6,4.6,3 to 6 deaths,"Malik Jashdar, 6 miles east of Miram Shah, North Waziristan"
32.995419,70.350266,"May 16, 2011",Obama,Mir Ali,North Waziristan,3,6,4.6,3 to 6 deaths,"Mir Ali, North Waziristan"
32.311508,69.418488,"Aug 1, 2011",Obama,"Azam Warsak, 12 miles west of Wana",South Waziristan,3,6,4.6,3 to 6 deaths,"Azam Warsak, 12 miles west of Wana, South Waziristan"
33.021332,70.305634,"Sep 23, 2011",Obama,"Khushali area, near Mir Ali",North Waziristan,3,6,4.6,3 to 6 deaths,"Khushali area, near Mir Ali, North Waziristan"
32.998009,70.033211,"Oct 13, 2011",Obama,Close to Dande Darpa Khel,North Waziristan,3,6,4.6,3 to 6 deaths,"Close to Dande Darpa Khel, North Waziristan"
32.460228,69.260246,"Oct 15, 2011",Obama,"Angoor Adda, Bhangar area",South Waziristan,3,6,4.6,3 to 6 deaths,"Angoor Adda, Bhangar area, South Waziristan"
32.5808,70.1637,"Oct 27, 2011",Obama,Mir Ali,North Waziristan,4,5,4.6,4 to 5 deaths,"Mir Ali, North Waziristan"
32.963783,70.240593,"Oct 30, 2011",Obama,Datta Khel,North Waziristan,3,6,4.6,3 to 6 deaths,"Datta Khel, North Waziristan"
32.981022,69.785156,"Jan 23, 2012",Obama,Degan,North Waziristan,4,5,4.6,4 to 5 deaths,"Degan, North Waziristan"
33.008663,70.197144,"Apr 29, 2012",Obama,Miranshah,North Waziristan,3,6,4.6,3 to 6 deaths,"Miranshah, North Waziristan"
32.947029,70.146835,"Oct 24, 2012",Obama,Tappi,North Waziristan,4,5,4.6,4 to 5 deaths,"Tappi, North Waziristan"
32.953331,70.262459,"Jan 10, 2013",Obama,Heso Khel,North Waziristan,4,5,4.6,4 to 5 deaths,"Heso Khel, North Waziristan"
33.02912948,70.02822873,"Sep 29, 2013",Obama,"Dargamandi, Miran Shah",North Waziristan,3,6,4.6,3 to 6 deaths,"Dargamandi, Miran Shah, North Waziristan"
32.97201981,70.07080075,"Jun 11, 2014",Obama,Dargah Mandi,North Waziristan,3,6,4.6,3 to 6 deaths,"Dargah Mandi, North Waziristan"
32.96049802,69.98016354,"Jun 18, 2014",Obama,Dandey Darpakhel,North Waziristan,4,5,4.6,4 to 5 deaths,"Dandey Darpakhel, North Waziristan"
32.540447,69.854507,"Oct 16, 2008",Bush,"Taparghai, near Saam in the Ladha region",South Waziristan,4,4,4.1,4 deaths,"Taparghai, near Saam in the Ladha region, South Waziristan"
32.296421,69.498825,"Dec 22, 2008",Bush,"Ghwakhwa, Wana",South Waziristan,3,5,4.1,3 to 5 deaths,"Ghwakhwa, Wana, South Waziristan"
32.281906,69.553757,"Apr 19, 2009",Obama,"Gangi Khel, outskirts of Wana",South Waziristan,0,8,4.1,0 to 8 deaths,"Gangi Khel, outskirts of Wana, South Waziristan"
32.524815,69.883347,"Jun 14, 2009",Obama,"Mardar Algad, Ladha",South Waziristan,3,5,4.1,3 to 5 deaths,"Mardar Algad, Ladha, South Waziristan"
32.609882,69.833221,"Jun 23, 2009",Obama,"Neej Narai, outside Makeen",South Waziristan,2,6,4.1,2 to 6 deaths,"Neej Narai, outside Makeen, South Waziristan"
32.320793,69.623795,"Jul 10, 2009",Obama,Painda Khel,South Waziristan,3,5,4.1,3 to 5 deaths,"Painda Khel, South Waziristan"
32.989658,70.030975,"Oct 15, 2009",Obama,Dandey Darpa Khel,North Waziristan,4,4,4.1,4 deaths,"Dandey Darpa Khel, North Waziristan"
32.8935,69.6955,"Oct 21, 2009",Obama,Spalaga,North Waziristan,4,4,4.1,4 deaths,"Spalaga, North Waziristan"
33.0116,70.0557,"Nov 5, 2009",Obama,"Norak, near Mir Ali",North Waziristan,4,4,4.1,4 deaths,"Norak, near Mir Ali, North Waziristan"
33.010967,69.831848,"Nov 18, 2009",Obama,"Shanakhora, 12 miles west of Miram Shah",North Waziristan,4,4,4.1,4 deaths,"Shanakhora, 12 miles west of Miram Shah, North Waziristan"
33.009815,69.808502,"Dec 31, 2009",Obama,"Machi Khel, 20 km west of Miram Shah",North Waziristan,3,5,4.1,3 to 5 deaths,"Machi Khel, 20 km west of Miram Shah, North Waziristan"
32.991962,69.730911,"Jan 9, 2010",Obama,Ismael Khel in Datta Khel region,North Waziristan,4,4,4.1,4 deaths,"Ismael Khel in Datta Khel region, North Waziristan"
32.940117,70.296021,"Jan 15, 2010",Obama,"Zanini Village, near Mir Ali",North Waziristan,3,5,4.1,3 to 5 deaths,"Zanini Village, near Mir Ali, North Waziristan"
33.013271,69.938965,"Mar 17, 2010",Obama,"Hamzoni, 6 miles west of Miram Shah",North Waziristan,3,5,4.1,3 to 5 deaths,"Hamzoni, 6 miles west of Miram Shah, North Waziristan"
32.96777,70.253448,"Mar 28, 2010",Obama,"Hurmaz, near Mir Ali",North Waziristan,4,4,4.1,4 deaths,"Hurmaz, near Mir Ali, North Waziristan"
33.004059,69.752197,"Apr 14, 2010",Obama,"Ambur Shaga Village, 15 miles west of Miram Shah",North Waziristan,3,5,4.1,3 to 5 deaths,"Ambur Shaga Village, 15 miles west of Miram Shah, North Waziristan"
32.990234,70.315933,"May 3, 2010",Obama,"Marsi Khel, near Mir Ali",North Waziristan,2,6,4.1,2 to 6 deaths,"Marsi Khel, near Mir Ali, North Waziristan"
33.021908,70.072174,"Jun 27, 2010",Obama,"Tabbi Tolkhel, 4 km north of Miram Shah",North Waziristan,2,6,4.1,2 to 6 deaths,"Tabbi Tolkhel, 4 km north of Miram Shah, North Waziristan"
32.49297,70.037155,"Jul 25, 2010",Obama,Landikhel area of Sararogha,South Waziristan,4,4,4.1,4 deaths,"Landikhel area of Sararogha, South Waziristan"
32.996571,69.526291,"Sep 8, 2010",Obama,"Ambor Shaga on Dattakhel Road, near the border",North Waziristan,4,4,4.1,4 deaths,"Ambor Shaga on Dattakhel Road, near the border, North Waziristan"
32.98505,70.076981,"Sep 14, 2010",Obama,"Qutabkhel village, a southern suburb of Miranshah",North Waziristan,4,4,4.1,4 deaths,"Qutabkhel village, a southern suburb of Miranshah, North Waziristan"
32.472694,69.274979,"Sep 28, 2010",Obama,"Zeba village, west of Wana",South Waziristan,4,4,4.1,4 deaths,"Zeba village, west of Wana, South Waziristan"
32.966042,70.274734,"Oct 6, 2010",Obama,Mir Ali,North Waziristan,3,5,4.1,3 to 5 deaths,"Mir Ali, North Waziristan"
32.97987,70.232849,"Oct 15, 2010",Obama,"Machi Khel, near Mir Ali",North Waziristan,3,5,4.1,3 to 5 deaths,"Machi Khel, near Mir Ali, North Waziristan"
32.97987,69.643707,"Nov 3, 2010",Obama,"Pai Khel village, in Datta Khel",North Waziristan,4,4,4.1,4 deaths,"Pai Khel village, in Datta Khel, North Waziristan"
33.006935,69.820518,"Nov 13, 2010",Obama,"Ahmad Khel, 15 miles west of Miram Shah",North Waziristan,4,4,4.1,4 deaths,"Ahmad Khel, 15 miles west of Miram Shah, North Waziristan"
32.993114,70.196457,"Nov 26, 2010",Obama,"Pir Keley, six miles east of Miram Shah",North Waziristan,4,4,4.1,4 deaths,"Pir Keley, six miles east of Miram Shah, North Waziristan"
32.972958,70.400391,"Dec 10, 2010",Obama,"Khadar Khel, near Mir Ali",North Waziristan,4,4,4.1,4 deaths,"Khadar Khel, near Mir Ali, North Waziristan"
33.033997,70.19989,"Dec 14, 2010",Obama,"Spalga, nine miles south of Miram Shah",North Waziristan,4,4,4.1,4 deaths,"Spalga, nine miles south of Miram Shah, North Waziristan"
32.957977,69.918365,"Jan 1, 2011",Obama,Boya village in Datta Khel,North Waziristan,4,4,4.1,4 deaths,"Boya village in Datta Khel, North Waziristan"
32.506866,69.300385,"May 10, 2011",Obama,"Baghar area, near Angoor Adda",South Waziristan,3,5,4.1,3 to 5 deaths,"Baghar area, near Angoor Adda, South Waziristan"
33.007511,69.6698,"May 13, 2011",Obama,"Doga Madakhel, 40km west of Miram Shah, in Datta Khel",North Waziristan,3,5,4.1,3 to 5 deaths,"Doga Madakhel, 40km west of Miram Shah, in Datta Khel, North Waziristan"
32.826519,69.587402,"Jun 6, 2011",Obama,"Bray Nishtar, 30 miles from Wacha Dana, near North Waziristan border",South Waziristan,3,5,4.1,3 to 5 deaths,"Bray Nishtar, 30 miles from Wacha Dana, near North Waziristan border, South Waziristan"
32.9313,69.6248,"Jun 8, 2011",Obama,Zawal Narai area of Shawal Tehsil,North Waziristan,4,4,4.1,4 deaths,"Zawal Narai area of Shawal Tehsil, North Waziristan"
33.009815,70.098267,"Aug 2, 2011",Obama,Miram Shah,North Waziristan,4,4,4.1,4 deaths,"Miram Shah, North Waziristan"
33.006359,70.067368,"Aug 16, 2011",Obama,Miram Shah,North Waziristan,4,4,4.1,4 deaths,"Miram Shah, North Waziristan"
32.280746,69.519424,"Aug 19, 2011",Obama,Shin Warsak,South Waziristan,4,4,4.1,4 deaths,"Shin Warsak, South Waziristan"
32.4825,69.2709,"Oct 13, 2011",Obama,"Angoor Adda, Bhangar area",South Waziristan,4,4,4.1,4 deaths,"Angoor Adda, Bhangar area, South Waziristan"
32.987213,70.084877,"Oct 31, 2011",Obama,Mubarak Shan near Miranshah,North Waziristan,4,4,4.1,4 deaths,"Mubarak Shan near Miranshah, North Waziristan"
32.997147,70.046082,"Jan 10, 2012",Obama,Miranshah,North Waziristan,4,4,4.1,4 deaths,"Miranshah, North Waziristan"
33.031693,70.169678,"Mar 30, 2012",Obama,Miranshah,North Waziristan,4,4,4.1,4 deaths,"Miranshah, North Waziristan"
32.906685,69.754257,"May 23, 2012",Obama,Datta Khel Kalai,North Waziristan,4,4,4.1,4 deaths,"Datta Khel Kalai, North Waziristan"
32.713066,69.616074,"Dec 28, 2012",Obama,Gurbuz,North Waziristan,4,4,4.1,4 deaths,"Gurbuz, North Waziristan"
33.168594,70.401077,"Feb 6, 2013",Obama,Spin Wam,North Waziristan,3,5,4.1,3 to 5 deaths,"Spin Wam, North Waziristan"
32.5418,69.4455,"Mar 22, 2013",Obama,Datta Khel,North Waziristan,4,4,4.1,4 deaths,"Datta Khel, North Waziristan"
32.90429877,69.74872109,"Apr 14, 2013",Obama,"Manzar Khel, Datta Khel",North Waziristan,4,4,4.1,4 deaths,"Manzar Khel, Datta Khel, North Waziristan"
32.96549398,70.26512143,"Aug 31, 2013",Obama,Mir Ali,North Waziristan,4,4,4.1,4 deaths,"Mir Ali, North Waziristan"
32.31963357,69.57092282,"Sep 28, 2014",Obama,Wana,South Waziristan,4,4,4.1,4 deaths,"Wana, South Waziristan"
32.78669718,69.71923825,"Oct 11, 2014",Obama,Shawal Tehsil,North Waziristan,4,4,4.1,4 deaths,"Shawal Tehsil, North Waziristan"
33.7805579,70.6656106,"Oct 11, 2014",Obama,Tirah Valley,Khyber,4,4,4.1,4 deaths,"Tirah Valley, Khyber"
32.615148,69.51023,"Apr 12, 2015",Obama,"Shawal Valley, North Waziristan",Federally Administered Tribal Areas,4,4,4.1,4 deaths,"Shawal Valley, North Waziristan, Federally Administered Tribal Areas"
32.614715,69.499587,"May 16, 2015",Obama,Shawal,North Waziristan,3,5,4.1,3 to 5 deaths,"Shawal, North Waziristan"
32.6169196,69.4999301,"Jun 1, 2015",Obama,Shawal,North Waziristan,4,4,4.1,4 deaths,"Shawal, North Waziristan"
32.2399893,69.4364008,"Jul 3, 2017",Trump,Marghalan,South Waziristan,4,4,4.1,4 deaths,"Marghalan, South Waziristan"
33.109947,70.068054,"Apr 27, 2007",Bush,"Danda Saidgai, 15 km north of Miram Shah",North Waziristan,3,4,3.6,3 to 4 deaths,"Danda Saidgai, 15 km north of Miram Shah, North Waziristan"
32.9315,70.3052,"Dec 5, 2008",Bush,"Katira in Khushal Torikhel area, Mir Ali",North Waziristan,3,4,3.6,3 to 4 deaths,"Katira in Khushal Torikhel area, Mir Ali, North Waziristan"
32.539288,69.875793,"Jan 2, 2009",Bush,Ladha,South Waziristan,3,4,3.6,3 to 4 deaths,"Ladha, South Waziristan"
32.797665,70.496521,"Mar 15, 2009",Obama,"Jani Khel, Bannu",Khyber Pakhtunkhwa,2,5,3.6,2 to 5 deaths,"Jani Khel, Bannu, Khyber Pakhtunkhwa"
32.321957,69.586716,"Apr 8, 2009",Obama,Wana,South Waziristan,3,4,3.6,3 to 4 deaths,"Wana, South Waziristan"
32.987354,70.280914,"Feb 15, 2010",Obama,"Tapi Village, 9 miles east of Miram Shah",North Waziristan,3,4,3.6,3 to 4 deaths,"Tapi Village, 9 miles east of Miram Shah, North Waziristan"
33.015572,70.052605,"Feb 18, 2010",Obama,"Dandey Darpa Khel, near Miram Shah",North Waziristan,3,4,3.6,3 to 4 deaths,"Dandey Darpa Khel, near Miram Shah, North Waziristan"
33.680923,70.41687,"Aug 27, 2010",Obama,"Shahidano village, 62 miles southwest of Peshawar",Kurram,3,4,3.6,3 to 4 deaths,"Shahidano village, 62 miles southwest of Peshawar, Kurram"
32.987354,69.66774,"Sep 25, 2010",Obama,"Datta Khel, 12 miles west of Miram Shah",North Waziristan,3,4,3.6,3 to 4 deaths,"Datta Khel, 12 miles west of Miram Shah, North Waziristan"
32.978718,69.6698,"Sep 26, 2010",Obama,Lawara Mandi area of Datta Khel,North Waziristan,3,4,3.6,3 to 4 deaths,"Lawara Mandi area of Datta Khel, North Waziristan"
32.987354,69.66774,"Sep 26, 2010",Obama,Sherani area of Datta Khel,North Waziristan,3,4,3.6,3 to 4 deaths,"Sherani area of Datta Khel, North Waziristan"
32.997147,69.697952,"Oct 27, 2010",Obama,Deegan area of Datta Khel,North Waziristan,3,4,3.6,3 to 4 deaths,"Deegan area of Datta Khel, North Waziristan"
32.986778,70.315247,"Oct 27, 2010",Obama,"Spin Wam, near Mir Ali",North Waziristan,2,5,3.6,2 to 5 deaths,"Spin Wam, near Mir Ali, North Waziristan"
32.962009,70.333786,"Nov 3, 2010",Obama,"Khaso Khel village, near Mir Ali",North Waziristan,3,4,3.6,3 to 4 deaths,"Khaso Khel village, near Mir Ali, North Waziristan"
32.985626,70.342026,"Nov 19, 2010",Obama,"Naurak, near Marsi Khel village, nine miles east of Miram Shah",North Waziristan,3,4,3.6,3 to 4 deaths,"Naurak, near Marsi Khel village, nine miles east of Miram Shah, North Waziristan"
32.984474,70.377045,"Nov 28, 2010",Obama,"Hasan Khel, 30 km east of Miram Shah",North Waziristan,3,4,3.6,3 to 4 deaths,"Hasan Khel, 30 km east of Miram Shah, North Waziristan"
33.009815,70.366058,"Jan 12, 2011",Obama,"Haiderkhel, 15 miles east of Miram Shah",North Waziristan,3,4,3.6,3 to 4 deaths,"Haiderkhel, 15 miles east of Miram Shah, North Waziristan"
32.994843,69.627228,"Jan 23, 2011",Obama,"Doga Mada Khel, near Datta Khel",North Waziristan,3,4,3.6,3 to 4 deaths,"Doga Mada Khel, near Datta Khel, North Waziristan"
33.006935,70.239716,"Jul 5, 2011",Obama,Mir Ali,North Waziristan,3,4,3.6,3 to 4 deaths,"Mir Ali, North Waziristan"
32.509762,69.314117,"Sep 30, 2011",Obama,Near Angor Adda and Afghan border,South Waziristan,3,4,3.6,3 to 4 deaths,"Near Angor Adda and Afghan border, South Waziristan"
32.989372,70.058098,"Oct 14, 2011",Obama,Close to Miram Shah,North Waziristan,3,4,3.6,3 to 4 deaths,"Close to Miram Shah, North Waziristan"
32.5715,70.1548,"May 28, 2012",Obama,Hassokhel (Hassu Khel),North Waziristan,3,4,3.6,3 to 4 deaths,"Hassokhel (Hassu Khel), North Waziristan"
33.005211,70.069847,"Jun 14, 2012",Obama,Miranshah,North Waziristan,3,4,3.6,3 to 4 deaths,"Miranshah, North Waziristan"
32.905102,69.752785,"Sep 22, 2012",Obama,Datta Khel,North Waziristan,3,4,3.6,3 to 4 deaths,"Datta Khel, North Waziristan"
32.243587,69.510155,"Nov 29, 2012",Obama,Sheen Warsak,South Waziristan,0,7,3.6,0 to 7 deaths,"Sheen Warsak, South Waziristan"
32.241844,69.512215,"Dec 1, 2012",Obama,Sheen Warsak,South Waziristan,3,4,3.6,3 to 4 deaths,"Sheen Warsak, South Waziristan"
32.962585,70.243149,"Dec 21, 2012",Obama,Hisukhel,North Waziristan,3,4,3.6,3 to 4 deaths,"Hisukhel, North Waziristan"
32.9869239,70.06959912,"Dec 25, 2013",Obama,"Qutab Khel, Miran Shah",North Waziristan,3,4,3.6,3 to 4 deaths,"Qutab Khel, Miran Shah, North Waziristan"
32.96385443,69.81948849,"Oct 7, 2014",Obama,Datta Khel,North Waziristan,3,4,3.6,3 to 4 deaths,"Datta Khel, North Waziristan"
32.92426655,69.74395749,"Oct 9, 2014",Obama,Datta Khel,North Waziristan,3,4,3.6,3 to 4 deaths,"Datta Khel, North Waziristan"
33.4271716,70.6062492,"Jun 12, 2017",Trump,Hangu district,Khyber Punkhtunkhwa,1,6,3.6,1 to 6 deaths,"Hangu district, Khyber Punkhtunkhwa"
33.6905281,69.7671562,"Nov 30, 2017",Trump,Unclear,Kurram Agency,3,4,3.6,3 to 4 deaths,"Unclear, Kurram Agency"
33.001755,69.704132,"Oct 3, 2008",Bush,Datta Khel,North Waziristan,3,3,3.1,3 deaths,"Datta Khel, North Waziristan"
32.869205,70.133972,"Dec 8, 2009",Obama,"Aspalga Village, 7 miles southeast of Miram Shah",North Waziristan,3,3,3.1,3 deaths,"Aspalga Village, 7 miles southeast of Miram Shah, North Waziristan"
32.997723,70.18959,"Feb 17, 2010",Obama,"Tabi Tolkhel, 3 miles from Khost border OR Tapi, 9 miles east of Miram Shah",North Waziristan,2,4,3.1,2 to 4 deaths,"Tabi Tolkhel, 3 miles from Khost border OR Tapi, 9 miles east of Miram Shah, North Waziristan"
32.98505,70.014153,"Sep 27, 2010",Obama,"Khush Hali, southeast of Miram Shah",North Waziristan,2,4,3.1,2 to 4 deaths,"Khush Hali, southeast of Miram Shah, North Waziristan"
32.975838,70.261688,"Oct 7, 2010",Obama,"Khaisoori town, Mir Ali",North Waziristan,2,4,3.1,2 to 4 deaths,"Khaisoori town, Mir Ali, North Waziristan"
32.972382,70.289841,"Sep 11, 2011",Obama,"Hisokhel, near Mir Ali",North Waziristan,1,5,3.1,1 to 5 deaths,"Hisokhel, near Mir Ali, North Waziristan"
32.981022,70.037842,"May 26, 2012",Obama,Miranshah,North Waziristan,2,4,3.1,2 to 4 deaths,"Miranshah, North Waziristan"
32.280167,69.554443,"Jun 2, 2012",Obama,Khawashi Khel,South Waziristan,2,4,3.1,2 to 4 deaths,"Khawashi Khel, South Waziristan"
33.004704,70.067268,"Jun 12, 2012",Obama,Isha,North Waziristan,2,4,3.1,2 to 4 deaths,"Isha, North Waziristan"
32.953693,70.262802,"Jan 8, 2013",Obama,Essokhel,North Waziristan,3,3,3.1,3 deaths,"Essokhel, North Waziristan"
33.00120462,70.0399017,"Sep 30, 2013",Obama,"Mohammad Khel, Datta Khel",North Waziristan,2,4,3.1,2 to 4 deaths,"Mohammad Khel, Datta Khel, North Waziristan"
32.99196335,70.04814145,"Oct 31, 2013",Obama,Miran Shah,North Waziristan,3,3,3.1,3 deaths,"Miran Shah, North Waziristan"
33.7006204,70.171567,"Sep 15, 2017",Trump,Ghuz Ghari,Kurram Agency,3,3,3.1,3 deaths,"Ghuz Ghari, Kurram Agency"
32.98822,70.046425,"Nov 29, 2008",Bush,"Chashma, a village on the outskirts of Miram Shah",North Waziristan,2,3,2.6,2 to 3 deaths,"Chashma, a village on the outskirts of Miram Shah, North Waziristan"
32.983322,70.08728,"Dec 15, 2008",Bush,Tapi Tool region near Miram Shah,North Waziristan,2,3,2.6,2 to 3 deaths,"Tapi Tool region near Miram Shah, North Waziristan"
32.30526109,69.45419308,"Dec 22, 2008",Bush,Azam Warzak near Wana,South Waziristan,2,3,2.6,2 to 3 deaths,"Azam Warzak near Wana, South Waziristan"
32.319633,69.501572,"Jan 1, 2009",Bush,"Karikot, near Wana",South Waziristan,2,3,2.6,2 to 3 deaths,"Karikot, near Wana, South Waziristan"
32.994267,70.207443,"Jan 1, 2010",Obama,"Ghundikala village, 15 km east of Miram Shah, in Mir Ali Tehsil",North Waziristan,2,3,2.6,2 to 3 deaths,"Ghundikala village, 15 km east of Miram Shah, in Mir Ali Tehsil, North Waziristan"
32.97987,70.287094,"Jun 10, 2010",Obama,"Khaddi village, nine miles east of Miram Shah",North Waziristan,2,3,2.6,2 to 3 deaths,"Khaddi village, nine miles east of Miram Shah, North Waziristan"
32.974686,70.278168,"Jun 26, 2010",Obama,"Khushali Khel, Mir Ali,",North Waziristan,2,3,2.6,2 to 3 deaths,"Khushali Khel, Mir Ali,, North Waziristan"
32.99369,69.624481,"Jan 23, 2011",Obama,"Doga Mada Khel, near Datta Khel",North Waziristan,2,3,2.6,2 to 3 deaths,"Doga Mada Khel, near Datta Khel, North Waziristan"
32.5917,70.0317,"Nov 3, 2011",Obama,Darpa Khel Sarai,North Waziristan,2,3,2.6,2 to 3 deaths,"Darpa Khel Sarai, North Waziristan"
32.71162,69.609375,"Aug 19, 2012",Obama,Mana,North Waziristan,2,3,2.6,2 to 3 deaths,"Mana, North Waziristan"
32.948757,70.313774,"Oct 1, 2012",Obama,"Khaider Kel, Mir Ali",North Waziristan,2,3,2.6,2 to 3 deaths,"Khaider Kel, Mir Ali, North Waziristan"
32.954807,70.168304,"Dec 6, 2012",Obama,Mubarak Shahi,North Waziristan,2,3,2.6,2 to 3 deaths,"Mubarak Shahi, North Waziristan"
33.6656971,70.6284736,"Feb 22, 2016",Obama,Shahidano Dhand,Kurram,1,4,2.6,1 to 4 deaths,"Shahidano Dhand, Kurram"
33.795036,69.9818372,"Dec 26, 2017",Trump,"Mata Sangar, near Ghuzgarhi",Kurram Agency,2,3,2.6,2 to 3 deaths,"Mata Sangar, near Ghuzgarhi, Kurram Agency"
33.6901807,70.0272319,"Jan 24, 2018",Trump,Speen Thal Dapa Mamuzai,Kurram Agency,2,3,2.6,2 to 3 deaths,"Speen Thal Dapa Mamuzai, Kurram Agency"
32.987644,70.261345,"May 8, 2005",Bush,"Toorikhel, Mirali",North Waziristan,2,2,2.1,2 deaths,"Toorikhel, Mirali, North Waziristan"
32.997723,70.342026,"Jan 3, 2010",Obama,"Mosakki village, 25 km east of Miram Shah, in Mir Ali Tehsil",North Waziristan,2,2,2.1,2 deaths,"Mosakki village, 25 km east of Miram Shah, in Mir Ali Tehsil, North Waziristan"
32.308025,69.43222,"Mar 13, 2011",Obama,"Azam Warsak, 12 miles west of Wana",South Waziristan,0,4,2.1,0 to 4 deaths,"Azam Warsak, 12 miles west of Wana, South Waziristan"
32.327759,69.43634,"Sep 27, 2011",Obama,"Azam Warsak, 12 miles west of Wana",South Waziristan,0,4,2.1,0 to 4 deaths,"Azam Warsak, 12 miles west of Wana, South Waziristan"
32.5725,69.5306,"Mar 10, 2013",Obama,Muhammad Khel,North Waziristan,2,2,2.1,2 deaths,"Muhammad Khel, North Waziristan"
32.96453082,70.27301785,"Jul 13, 2013",Obama,"Mosaki Village, Mir Ali",North Waziristan,2,2,2.1,2 deaths,"Mosaki Village, Mir Ali, North Waziristan"
32.99505888,70.06530758,"Nov 29, 2013",Obama,Miran Shah,North Waziristan,1,3,2.1,1 to 3 deaths,"Miran Shah, North Waziristan"
28.948282,64.2718753,"May 21, 2016",Obama,Dahl Bandin,Balochistan,2,2,2.1,2 deaths,"Dahl Bandin, Balochistan"
32.2936111,70.1028113,"Mar 2, 2017",Trump,"Sara Khwa, Kurram Agency",South Waziristan,2,2,2.1,2 deaths,"Sara Khwa, Kurram Agency, South Waziristan"
32.8453688,69.4870511,"Feb 8, 2018",Trump,Gorwak,North Waziristan,1,3,2.1,1 to 3 deaths,"Gorwak, North Waziristan"
33.15,70.4333,"Jul 4, 2018",Trump,Tor Tangai,North Waziristan,1,2,1.6,1 to 2 deaths,"Tor Tangai, North Waziristan"
32.622604,69.829102,"Jun 14, 2008",Bush,Makeen,South Waziristan,1,1,1.1,1 death,"Makeen, South Waziristan"
32.9052,69.7488,"Jul 12, 2011",Obama,Neway Adda Village,North Waziristan,1,1,1.1,1 death,"Neway Adda Village, North Waziristan"
32.3028,69.5805,"Aug 27, 2008",Bush,Ganghikhel area,South Waziristan,0,0,0.1,0 deaths,"Ganghikhel area, South Waziristan"
33.4616987,70.3628775,"Jan 17, 2018",Trump,Badshah Kot,Kurram Agency,0,0,0.1,0 deaths,"Badshah Kot, Kurram Agency"